Aggression	Text
Блять какой же годный тред. А ведь он только начался. Оп - добра тебе.	1
>>>84858947 Сука, охуенное видео же.	1
Пиздец. Надо было назвать тред засмеялся - проиграл, потому что я над каждым видео проигрываю просто а не испытываю стыд.	1
>>>84861398 Это пиздец.	1
>>>84859308 самое гавно	1
>>>84863054 Ничто так не портит музыку так, как ее фанаты. Блджад, а когда-то мне серъезно нравились кококоры, до появления этого злоебучего мэйнстрим-пехека и транскора.	1
>>>84861483 двачую парашу	1
>>>85610456 Очнулся, блять. Добро пожаловать в 2015.	1
Нихуя не понял, оп, хули ты хотел спросить то?	1
>>>85611707 Смотри. Хуйня под телефон у тебя есть, про ОКУЛУС порнушку ты наверняка слышал, ее уже масса. Вопрос в том как посмотреть ее без ОКУЛУСА, но вот с такой вод подставкой при помощи мобильника.	1
>>>85611707 Что ты делаешь с этой хуйней? Ощущения 3д есть? Где брал?	1
>>>85611764 Педики, ответьте мне, что это за штука такая?	1
>>>85612237 Это же картонка с линзами. >>>85612237 Блять, ну не уследил.	1
У этой хуйни линзы есть или ее можно самому в дом.условиях запилить?	1
>>>83915820 Смахивает на офисную или тюремную кухню. Чому так неуютно? Сплошной белый цвет, никакого декора. Микроволновка на холодильнике удобно разве? Люстру эту выкинь нахуй - не вписывается в интерьер совершенно.	1
>>>83916126 охуительная кухня! выеби меня и позволь в ней жить, господин	1
"Из би никого не пидорнуть как не старайся, потому что свободное общение и так и должно быть. Я бы запилил еще доску типа ""b уровня b"" с анальнейшим злым модератором. Доска будет бредом, т.е. без тематики, но с запретом создания большого списка раковых тредов. Прям в шапке треда накатать список большими красными вырвиглазными буквами. За создание какой-нибудь рулетки, еот, нытья, веб м и прочего говна сразу прилетает бан на неделю на доске. Доска должна постоянно пиарится в /b/ чтобы было не тухло, мне кажется много анонов перекатится. Но это мои влажные мечты."	1
>>>85582954 Ну, давай. Жду. Хотя, судя по фото на оп пике долбоёба с витчаута, считающего, что террористы и чёрная одежда как-то связаны с витчхаусом - ничего хорошего ты не можешь сделать. 	1
>>>85583256 Вечхаус больше доебал, а электроклэша годного сейчас мало.	1
>>>83915820 Смахивает на офисную или тюремную кухню. Чому так неуютно? Сплошной белый цвет, никакого декора. Микроволновка на холодильнике удобно разве? Люстру эту выкинь нахуй - не вписывается в интерьер совершенно.	1
>>>83916126 охуительная кухня! выеби меня и позволь в ней жить, господин	1
"Из би никого не пидорнуть как не старайся, потому что свободное общение и так и должно быть. Я бы запилил еще доску типа ""b уровня b"" с анальнейшим злым модератором. Доска будет бредом, т.е. без тематики, но с запретом создания большого списка раковых тредов. Прям в шапке треда накатать список большими красными вырвиглазными буквами. За создание какой-нибудь рулетки, еот, нытья, веб м и прочего говна сразу прилетает бан на неделю на доске. Доска должна постоянно пиарится в /b/ чтобы было не тухло, мне кажется много анонов перекатится. Но это мои влажные мечты."	1
классно, теперь сможешь Полину выебать	1
>>>85583256 Вечхаус больше доебал, а электроклэша годного сейчас мало.	1
>>>85584497 И если таки не пропиздишься и выложишь альбом - обязательно послушаю.	1
Ну ка поясни мне, че за бичхауз и чому я должен слушать его, а не бодрый handsup, и отплясывать с грудастыми девчонками в бункере под дэнскор. Я весь внимание.	1
>>>85587994 КАК ЖЕ Я ОБОСРАЛСЯ С МОДНЯФФКИ))))) ТАКАЯ ТИП))))))))) ЧЁРНАЯ))))))) ТИПО ПРОПЕРДЕЛА КОЛГОТКИ ТАКАЯ))))))))))))))УМНАЯ)	1
>>>85588781 Но я не говнодел, я сделал пару приличных треков, теперь пустился в декаданство.	1
>>>85589126 ЧТО ЗНАЧИТ ХУЕВЫЙ ТЫ МНЕ ОБЪЯСНИШЬ ?  ?  ?	1
>>>85589173 блят что ты хочешь от музла , который слушают 9+ дети у меня в подъезде?	1
>>>85591751 блядь, а как у бекхема?	1
>>>85591863 060СРАЛС9	1
>>>85595204 Лютый кал, честно. Нет души, рандомный набор звуков, фл первый раз открыл?	1
>>>85597255 Я короче на ноуте буду врубать треканы, а вы орать - это наш лайв-проект будет. Ток не жируха, плиз.	1
>>>85598792 быдло не осилило значки, как мило.  >>>85598792 ну хоть чем-то я тебе помог, и то ладно.	1
>>>85601779 ой бля сори братан , я подумал ты о другом хардкоре.	1
>>>85602045 Ну без мелодии, я имел в виду. Мне-то норм такое, а вот ему без мелодии видимо никак, для него это просто долбень.	1
>>>85603322 Я усмотрел в этом претензию. >>>85603322 но звучат они пиздец попсово	1
>>>85603966 Нихуя, исполнитель просто пишет музыку, а стиль уже придумывают люди.	1
>>>85604564 Хочу, чтобы моё лицо оказалось у неё между ног и она душила меня своей писечкой. А потом бы отдрочила.	1
>>>85605048 тебе надо на хуй проследовать.	1
>>>85604931 Чего сразу выёбываться начал? Я не говорил, что эксперт по стилям, но мой вывод можно сделать и без знания всей истории музыкальной культуры	1
классно, теперь сможешь Полину выебать	1
>>>85583256 Вечхаус больше доебал, а электроклэша годного сейчас мало.	1
>>>85584497 И если таки не пропиздишься и выложишь альбом - обязательно послушаю.	1
>>>85588781 Но я не говнодел, я сделал пару приличных треков, теперь пустился в декаданство.	1
>>>85589126 ЧТО ЗНАЧИТ ХУЕВЫЙ ТЫ МНЕ ОБЪЯСНИШЬ ?  ?  ?	1
>>>85589032 мм)) ммм)) декаданство)))) подштанники как полина порезал?)))) чтобы проветривалось??))	1
>>>85589173 блят что ты хочешь от музла , который слушают 9+ дети у меня в подъезде?	1
>>>85590325 вот блят иди нахуй) в 2019 году буит куча тредов где уже не школьники будут ныть по этим временам) когда показав щепотку тровы ты можешь поебать няшную вичуганку с запотевшим ливчиком и аутированным ебалом)))	1
>>>85591751 блядь, а как у бекхема?	1
>>>85598792 быдло не осилило значки, как мило.  >>>85598792 ну хоть чем-то я тебе помог, и то ладно.	1
>>>85587003 Кстати есть такая группа, поищи впараше.	1
>>>85600320 ЯННП	1
>>>85601630 Angerfist, Neophyte Третьего, известного всем, не дано. Можно, конечно влепить ебучего скутера, но он очень много пиздил и очень мало делал сам.	1
>>>85601779 ой бля сори братан , я подумал ты о другом хардкоре.	1
Пиздец, столько ответвлений от каждого говна.	1
>>>85603966 Нихуя, исполнитель просто пишет музыку, а стиль уже придумывают люди.	1
>>>85604564 Хочу, чтобы моё лицо оказалось у неё между ног и она душила меня своей писечкой. А потом бы отдрочила.	1
>>>85605048 тебе надо на хуй проследовать.	1
>>>85604931 Чего сразу выёбываться начал? Я не говорил, что эксперт по стилям, но мой вывод можно сделать и без знания всей истории музыкальной культуры	1
>>>85607246 Ну я одному дам послушать, если скажет что говно то брошу. Попытка не пытка же	1
Ну и нахуй она такая нужна?	1
Ну почему тебе так трудно плжалеть мать и не выебываться? Кому ты что хочешь доказать? Хочешь быть не таким как все? Ладно, хер с тобой, живи как знаешь, но на людях выглядит как нормальный человек, постригись хотя бы. Купи себе парик, если уж так невмоготу. Но вообще нужно сходить к врачу. В твоём возрасте уже семью иметь надо и детей.	1
>>>84867020 У тебя бывает ощущение, будто всё, что ты делаешь,- полная хуйня?	1
Зашел в тред и вспомнил себя 18летнего. Ну что я вам могу сказать не отчаиватесь, ищите себя в этой жизни. Сейчас мне 35 и я развлекаюсь тем что хожу по подъездам и мажу ручки дверей говном. Это доставляет небывлое удовольствие. Всё скучность бытия как рукой снимает при мысли что какая-нибудь тянка отмывает твое говно, которым ты сегодня посрал. ОП дерзай. Можешь прямо сейчас пойти прогуляться по своему дому. Я как один раз попробывал оторваться не могу.	1
Тред не читал. Перестань дрочить. Да, я знаю, это очень сложно, но без дрочки у тебя появится куча свободного времени, а главное - энергии, чтобы его занять. Сам практикую, брат жив и радуется.	1
ОП, разрабатывай анус. Купи себе хороший дилдак и представляй что ты девочка 15 лет. От мамки дилдак можешь в системнике прятать. Еще весело ходить в магазин с дилдаком в анусе. Стоишь ты такой в очереди и с виду ты такой же как и все, но только ты знаешь свою тайну. Потом когда приходишь домой можно облизывать фалоимитатор от кусочков прилипших выделений, пока он находился в анусе. А мудаком типа 	1
>>>84868638 Ну, тут аноны себе переодически нофапы устраивают. Можно, аналогично, устраивать день без пеки. Мне помогает. Еще начать задрачивать что-нибудь, что раньше хотел, но руки не доходили: тут главное себя заставить на начальном этапе.	1
>>>84868874 А это годная идея. Сделать себе порез на руке чтобы больно было дрочить. Можешь подробнее рассказать?	1
>>>84869037 Можешь тренировать делать deepthroat. Этот навык никому не помешает, а может быть когда-нибудь и пригодится. Купи себе хороший фалос и вперед.	1
>>>84869339 У него пиздатые проекты есть кроме наци шлака, а что предлагают остальные? Сосать вобщемто колы продолжать и не иметь надежды на ломовейшее моднейшее будущее, например. Он дарит надежду. Очень интересно его слушать, а проекты такие как дирижабли маршрутки с реактивными двигателями и зоопарк механических животных достойны нобелевской премии.	1
>>>84870470 быть мудилой которому что ни дай всё не то и хуёво	1
А нет, не проебан. Вот он: 	1
>>>84117128 где ты ее ебал?	1
>>>84118379 Эт уже де-то 40 тредик. Первый был летом. Ток я хз, где ананасики из тех тредов. Хули карт в треде нет, блиать?!	1
>>>84118482 бамп всех заебавшими картами, новых хороших нет	1
Я отрицаю саму идею того, что пространство сновидений можно систематизировать в чистом виде, как то ваша картография. Согласно этой теории ваша карта складывается просто потому, что вы хотите, чтобы она так себя вела, то бишь ваш мозг подсознательно выстраивает её так, чтобы вписывать в карту. Но если бы вы не картографировали намеренно, хуй бы у вас что сложилось.	1
>>>84120465 А вот это здравое рассуждение. Ничего плохого в таком чите, по сути своей, нет, хотя это и впрямь создание своеобразного манямирка и оперирование им, это действительно удобно, когда ты знаешь, что здесь болото, тут дом мамки опа, а вот там, за сраной рекой, меня сожрали два динозавра с головами людей. И всё это складывается в чёткую картину, гораздо более чёткую, чем когда ты просто записываешь сны в блокнотик. Так что картография имеет место быть, но лично я пока что воздерживаюсь от её построения, поскольку должен разобраться с этим дерьмом самостоятельно, без лишних хитрожопых методов и чужих мнений. Никакой юнгианщины, аним, хуяним, картографии и прочего. Только собственный опыт.	1
>>>84124845 Совет говно. Если в ОС нихуя не делать и пялится в землю, то сначала там кроме этой самой земли нихуя не останется, а потом пропадёт и она по известной всем схеме. И всё это будет очень быстро.	1
>>>84125905 Дохуя процессорного времени хавают, а толку от них - ноль. Сорт оф онанизм, короч.	1
>>>84126529 Хули ты истеришь сразу? Что помнишь - по и зарисовываешь. Отдельно. Впоследствии, когда наберётся снов, будут проявляться совпадающие части.	1
>>>84127000 Ну дык не ставил перед собой цели обратить внимание на обстановку в сновидении вот и не запомнил. Начинаешь рисовать - начинаешь обращать внимание. Там, в сновидениях, дохуя деталей которые проходят мимо твоего внимание, но вместе с тем имеют смысл.	1
>>>84130006 Да мне поебать вообще, занимайтесь бессмысленной ерундой, если хотите, а я хочу тред ваш посажировать просто.	1
>>>84130670 АААА БЛЯТЬ ПРЕКРАТИТЕ ПОЖАЛУЙСТА	1
>>>84131501 Это не школьник, это грамматон-клерик нахуй, он не спит вообще. И сны не видит.	1
куда все спать посъебывали?	1
>>>84152269 бляяяя нофапон чуть не проебал,шишка джинсы порвала	1
И сразу бамп хуйтой	1
Теперь это обсуждения мужских хуйцов тред.	1
>>>84858550 Охуеть, а моя мать получает 5 тысяч гривен, с ебанутой нагрузкой. Че вы еще жалуетесь на что-то москали.	1
>>>84858814 Ответственность. Даже если они оба друг-дружку изуродуют, я за это не отвечаю. За все отвечает - их учитель. Поэтому мне не нужно беспокоится за их здоровье и сохранность. Потом, если я влезу иииии чисто случайно ей синяк поставлю от хвата. Или упаси боже еще и ударю или как то задену - ВСЕ БУДЕТ ПРОТИВ МЕНЯ. С учетом кучи факторов, ее родители возьмут детей в свидетели, что это якобы была игра, а я напал на нее и все. Дальше начнется пиздец в моей жизни. Я о таких историях наслышан не из третьих уст. Поэтому в школе и хуево работать. По сути, тебя могут посылать нахуй, даже обоссать твои вещи, пока ты вышел в сортир. А ты не можешь даже пощечину дать.  >>>84858814 Сказал, что сейчас пойду и накатаю на них всех с перечислением каждого по фамилии. Они этого очень боялись, так как там была директриса хуже Гитлера. А потом, я знал их училку и оказывал ей большую услугу, тем, что сидел с ее пиздюками. Она бы ко мне тоже прислушалась. Но нельзя отрицать того, что будь их школа побыдлее, это бы не прокатило. Вот 8й класс приходилось почти силой успокаивать. Повышать голос, делать строгий вид, запугивать. Самое смешное, что попробовав так воздействовать на детей, понимаешь иллюзорную природу власти.	1
Если класса от 9 и старше - омежку затравят как нехуй очень быстро. А потом уже вся школа будет знать, что ты чмошник и считать тебя за говно.	1
1. Выучись на учителя химии. 2. Поучи лет 11 этот предмет сраным шкальникам 3. Через 12 лет бери самого хуёвого ученика из своего прошлого выпуска и начинай с ним варить мет. 4.??? 5. P R O F I T!!!!	1
>>>84860499 смотря что за ученик. Может и затравить, а может вы окажетесь с ним 1 на 1, пока батя вышел за сигами и он тебя задрочит, какой ты хуйло и отсос. Смотри сам, что за родители. Если они быдло, то лучше не связывайся. Даже если ребенок тебя всем устроит, родители могут ебать мозг	1
>>>84856844 Я в университете преподавал, когда в аспирантуре был. Мякоть была в том, что мне это преподавание нахуй было не нужно, я хотел заниматься наукой, но меня насильно заставляли, потому что на кафедре больше никто не хотел работать. Поэтому я вел себя как можно более мудацки, чтобы студенты нажаловались и меня сняли нахуй. На зачете я вообще спрашивал всякую нерилейтед хуйню, например, какую последнюю книгу студент прочел или что он думает о направлении развития индустрии видеоигр. Студенты при всем этом меня обожали.	1
анончики, а можно ли с дипломом ссаного бакалавра погроммиста стать магистром из педа и будет ли при этом полноценное педагогическое образование?	1
>>>84861360 Ты ж на милф дрочишь, так что норм.	1
>>>84861821 Хуй черемякаешь?	1
>>>84856844 Ну я работал, блядь. Выгнали за рукоприкладство и матершину.	1
>>>84863477 Чтобы репетиторством заниматься, нужно быть подлой мразью, когда нихуя не знаешь, а учишь, не смог. Либо иметь связи в вузике, куда детишки поступать будут.	1
Школа это атавизм. В наш век информационных технологий надо переходить к более совершенным способам обучения и воспитания детей. Но человечество аморфно и всем глубоко похуй. Более того, в России она еще и деградирует с ОПК итд.  Вот очевидные минусы школы: - Необходимость рассказывать одну и ту же лекцию двум-трем классам подряд выматывает и демотивирует учителя. - Учебники, как и программа невообразимо скучные и унылые, в старших классах ученики их даже не открывают, кроме как для выполнения прямых указаний. Есть масса научно-популярных программ. Из любого предмета можно сделать такую конфетку, что даже полный хулиган и двоечник захочет узнать побольше и побежит домой решать примеры. Особенно это касается естественных наук и математики.  - Мало внимания уделяется общему воспитанию и здоровым отношениям в коллективе. Учителя не обладают достаточной квалификацией, зачастую им просто похуй.	1
>>>84864370  Я другой кун, тоже ходил в школу к мамке. Сам не доносил, зато доносили на меня. И учителя и крыса-куны/тяны. А сам даже не жаловался, хотя особо никто и не трогал	1
>>>84864612 Однажды пошел пиздиться с одним пацаном за школу, так какой-то крысятник из старших классов всё мамке доложил. Она с вопросами приставала долго, зачем, почему, как	1
>>>84856844 Хоть я и инженер, а не учитель, но просто не могу понять, насколько нужно быть психом, чтобы идти учить это зверье? Подростки - хуже и опаснее зэков, это факт. у них нет моральных ограничителей.	1
>>>84865323 Лол, ну фиг знает. Когда практику проходил, не было такого ощущения. Вел в 8-9х классах. Больше тебе скажу, я и рассчитывал, что там будет пиздец - но нифига подобного. Я правда в школе хорошей был.	1
>>>84859950 Через какой промежуток времени оценки начали расти? Что вообще говорить родителям, если дитё относится похуистически к занятиям и через неделю уже забывает почти всё?	1
>>>84866023 Сфоткай влагалище пожалуйста.	1
>>>84867030 Колледж==шарага, куда выгоняют совсем говно после 9 класса.	1
>>>84867654 Лучше пиши большими буквами, но неграмотно как я. Аноны кроме тся/ться и больших букв правил не знают и доебывать не будут.	1
">>>84868071 - Перевела через конвертер на ваши. Получилось около 15 тыс. А на наши с вычетом налогов и прочей херни получается 3 с половиной миллиона. Подъёмные были. Живётся мне плохо. Во 1-ых характер не учительский совсем. Предчувствую вопросы ""нахер тогда шла туда"". А будто все идут с твёрдым намерением работать потом по специальности. Я хотела работать в редакции.  Во 2-ых скукотища тут. Я вроде и домашний задрот, но люблю повеселиться в компании. Изредка езжу в соседнюю деревню к новым знакомым. Если что подробнее нужно, то спрашивайте."	1
>>>84868499 Друг в той же мухосрани получает 2к гривен и левака около 2к. Итого 4к грн при моих 1300.  Я общаюсь с ебанутыми детьми - он со взрослыми людьми. Я каждый вечер готовлюсь к уроку - он просто ходит на работу. Нахуя было учится 5 лет??	1
Хочу няшу-учительницу. Можно с ней одновременно трахаться и учиться.	1
>>>84868823 Это ничего не даст, отмороженные клоуны продолжат цирк, а потом припрут мамашу в школу, которая убедит не ставить параши.	1
>>>84868823 Я вначале лепил 1 и 2 за отказ отвечать  и тому подобную фигню. Потом мне посоветовали так не делать, ведь если у ученика стоит 1 или 2 - значит он не знает предмет, значит ты ничему не научил, значит плохо исполняешь свою работу. Ебать в конце будут только тебя.	1
>>>84856844 работаю в спец-школе (языкового профиля) в ДС учителем истории и обществознания. Получаю 38к (красный диплом + практика со второго курса)+подрабатываю шлюхой-репетитором. И того почти 50к Из частных вузов в школе учителей не видел никогда. Да и как им туда попасть? Почти все работают в тех школах, куда из быдловуза направит государство.	1
>>>84871156 Пока детишки писали, начал тереть за жизнь с местным учителем информатики, чёго то в интернете проверить понадобилось, пошли к нему в кабинет, а у него заклатки с артами раноглазой. На мой вопрос, это чё? он ответил, куклы. Больше я его не спрашивал. Хуй, знает может дети оставили, но он в теме. около 35 лет ему было.	1
>>>84874314 То есть на самом деле ты такой хуйней не маешься?	1
>>>84872317  Забухай и потрахайся с учениками же.  И да, сиськи с супом в студию.	1
>>>84875913 школьницу ебал уже?	1
>>>85608103 Первый раз вижу занавески на шкафах, охуеть просто.	1
>>>85608465 Ну нет и нет, нахуй вешать. Всё равно не понимаю. Пиздец.	1
>>>85609255 Всё, уже сам нашёл. Какая прикольная хуйня, надо будет сделать.	1
>>>85608395 Ты, блджад, их коллекционируешь?	1
>>>85610133 Нам хозяин гаража заломил ебическую цену, естественно, мы отказались. Спрятали шины под кроватью. Я боялся, что вонять будет резиной, а нет, нормально.	1
>>>85610268 Чот когда вижу такие кровати, то сразу представляю, как они качаются и скрипят и при ебле и что можно тян пристегнуть наручниками :3	1
>>>85610379 Охуенный фильм. Жалко что я уже смотрел зеленого слоника и другую чернуху пожестче, а так бы вставило на ура вообще.	1
>>>85607193 Нахуя? Моя кровь - святая. Столько отсрадал, щас уж погуляет. Революция начнется, так свое возьмет уж, как он говорит.  ОП	1
Батька Опа на киче Манькой кличили. Та еще соска была - годная. Но старая. Ее 5 лет как на парашу определили, очко чистить.	1
>>>85608862 Бля, какие же все таки красивые албане церкви запилили.	1
Смотри ОП. Если твой батя попался, то значит он хуёвый бандит. А ведь мог бы уже быть депутатом государственной думы.	1
>>>85606199 Ты ему, главное, двач не показывай. А то он тебя петухом сделает.	1
>>>85612236 Да ему похуй вообще на двач.  ОП	1
>>>85606199 бля, кого ты пытаешься напугать 55 летним дедушкой?	1
>>>85613499 Армянка, еб твою мать! Сколько можно уже! >>>85613499 Батьке 46.	1
Ебааааааатьь! И ведь кто-то у нас ещё постоянно пишет о том, как его зажимают на нынешних двачах, охуеть просто.	1
>>>7763373 Пиздец конечно. А такая ламповая была борда. 	1
>>>7763347 Там, по моему, надрачивали на гоблина. Или мне показалось?	1
>>>7763954 Охуенно ты копротивляешься за Русский Мир.	1
">>>7764063 ""Рассеюшке"" я написал не просто так. Они ж как мечают - чтобы зарплаты им подняли, в состав федерации приняли... а что по факту получат они не задумываются. Вон, крымские до сих пор охуевают, все никак понять не могут."	1
Ебать они там ЗАЧИСТКУ устроили. Уничтожили все комменты за два часа. Ещё и вот такой бан.	1
>>>7765397 Так и на войне так же. Стреляют из жилых домов, а потом жалуются на ответочку от хохлов. Пиздец, блядь.	1
>>>7771067 А давайте на минуточку представим, что ополченцы просто исчезли. Вот все и сразу. Что правительство Украины будет делать с раздолбаным в ебеня Донбассом?	1
>>>7531434 Знаете как можно узнать школьника в интернете? Он всегда считает что ебанные анимешные картинки одинакого-выглядящих девочек что-то значат и по ним можно что-то там определить.	1
>>>7770990 еб твою медь, а если это дети увидят? где сперма?	1
>>>7767330 Даже айфоны все китайские, двачую.Блять ёбаные американцы ничего не производят живут с налогов на доллар!!!!!	1
А теперь хочу задать вам, /poрашникам вопрос, какого это - обсуждать говно?	1
Хорошая коммерческая идея. Но майки это копеечная хуита. Я вот подумываю открыть какой-нибудь ватный сервис небесплатно за СМС.	1
>>>7766419 Может уже начать продавать майки с либераторами и гомофишками?	1
>>>7771068  Просрался с пика, есть еще?	1
>>>7531151 лол блять	1
>>>7477387 я понимаю,что они ненавидят  друг друга,но зачем президенту говорить такое?  Армяшки им дали пизды в 90-ых так нехуй бугуртить теперь	1
>>>7477822 Так он съебать хотел. Не вышло, зато насрал напоследок.	1
>>>7478135 Причем тут путин то блять? Это уже какая то истерия, я так в в 15 центовых уверю.	1
>>>7478291 При этом у Алиева багет от проебаной войны.	1
">>>7478388  Какой ""весь мир""? В западной Европе к русским довольно хорошее отношение у простых людей. А вот украинцев, например, в Испании бьют местные пацаны тупо ха то, что хохлы это хохлы. Ибо нищета украинская людей заебала своим мелким воровством и трудовым демпингом."	1
>>>7478481 Кто блядь генетически близок к персам? Азербайджанцы? Серьезно вот ты щас?	1
>>>7478530 ну бля чувак, а ты сам как считаешь,   он пришел в то время когда все крепко спали, тихо всех убил, спящих, штыком там, профессионально расправился и, блять, оставил сапоги с фамилией , Как так, два человека в одном, ебанутый и расчетливый, так не бывает. Ну и фото того петуха не внушает доверия, омежка какой-то, на убивца не тянет, лох и терпила. кароче вретииии	1
">>>7479745 С тех самых пор, как Алиев начал сажать всех неугодных, объявляя их воннаби-революционерами, пятой колонной и агентами Армении. Недавно, вон, ""Голос Америки"" пидорнул, если не ошибаюсь."	1
>>>7480902 Партия греков, дрочащих на гитлера Golden dawn загугли	1
"На том же Дожде ведущий, базаря по телефону с некавказским редактором ""Кавказского узла"" сделал предположение, что фотография из ОП-поста, которую все СМИ распространяют, была сделана после допроса на базе в Гюмри. Мол, видно, что он помятый, поэтому есть сомнение в том, законными способами показания он давал или нет. ЛОЛ СУКА"	1
>>>7480884 Согласен, многие мамкины фюреры  не слышали даже про антропологические типы и гаплогруппы и начинают строить из себя невьебенных знатоков.	1
>>>7481750 хуй знает мне не рвет например и всем кого я знаю не рвет, похуй ваще че вы там взвизгиваете, на деле же арцах наш, значит похую ваще че вы там фантазируете, с чего тут жопе рваться? с фантазий?	1
>>>7482031 Открыл для себя колобков?  У каждой страны есть те, кого она она не любит, ненавидит, усмехается, посылает на хуй и так далее, за исключением одной, но я не буду писать о ней, поскольку умные люди и так поймут, а глупым это знать и не надо. Последние через какое-то время поймут, если выживут.	1
>>>7482056 Ну это интернет же. Троллятины много, но это совсем не то, что есть в реале. Или ты недавно открыл для себя интернет и охуел? Так почему тебя никто не пустит в Азербайджан?	1
>>>7482304 >>>7482304 но азеры зачастую не переднеазиаты а каспиоиды ебаные. + переднеазиаты, я ебал, ну вот даги переднеазиаты и армяне переднеазиаты допустим, не похожи нихуя. плюс есть комбинации с понтидами хуидами и прочими. это по антропологии, а если по гаплогруппам, то вообще разница на лицо. ну что вы в самом деле.	1
>>>7476912 Хуй они чего добьются, армяни эти.	1
>>>7482449 Проиграл, нахуя так?	1
Просто скажу, и любой армянин-кун подтвердит - этому пете пиздец. Срсли.	1
>>>7483363 Хуйня какая-то а не мотивы. Ночью после дезертирства залез в дом водицы попить, его обнаружили и он с перепугу всех расстрелял. Потом я так понял вернулся в часть, но в доме забыл именные ботинки. На допросах во всем признался.  Мутное дело вобщем. Может пацан тут вообще непричем?	1
>>>7771006 1. Ноу. 2. Нетъ. 3. Нет. 4. Да (сука, подъебал). 5. Нет. 6. Нет.	1
>>>7527134 Изнасиловали хоть?	1
>>>7527409 охуенно. все безлимиты пропали. хорошо, что я хоть больше не имею дел с этими говномодемами.	1
>>>7527402 Я таки не понял - есть ли в этих ваших Донецках инсургенты или просто междусобойчики вспыхивают за право контроля над той или иной хуитой?!	1
Опять нихуя не понятно с аэропортом. По украинским источникам украинская армия уже ворвалась в пригороды Донецка и разносит там все, по российским ополченцы заняли оборону в аэропорту и отбивают атаки украинской армии, даже схемы и планы понарисовывали для убедительности.	1
>>>7527639 Ну скорее всего дадут что-то б/у и по мелочи. Им тоже лишний раз не хочется подставляться. Алсо у вас же тоже имеется некоторое количество обезьян как у пополченцев, которым если что-то дай в руки - превратят в говно и других покалечат.	1
>>>7527639 Ну, тащемта, кое-что таки доставляют. Я конечно не спец, но уж сарай МИ-8 от еврокоптера отличить смогу. А эти птички с завидной частотой над моим мухосранском шныряют.	1
>>>7527658 Есть, кто ж спорит? С обоих сторон есть. А насчет мелочей - печально все это, блядский военторг-то бирюльками сепаров снабжает.  >>>7527658 Да блядь дали бы броников, визоров и современные волыны хотя бы хлопцам мурриканцы, у них же жопой жуй.	1
>>>7528089 Больше, но у них сезонное. если молоть им кукурузку кормовую да перемешивать со скорлупой зимой можно нихуёво снимать. Правда мясо потом при зарезании. хм	1
>>>7528656 Бля. Теперь я борюсь с желанием это прочитать.	1
>>>7528684 Кстати прихуел как колбаса подорожала. Та самая местная еба импортозамещение.	1
">>>7528771 Лол, он не в теме просто - ВСЁ ЭТО планировали десятилетия назад, а у него решается в эти дни, блядь. Я бы так сказал - большинство людей живёт в прошлом, не понимая где они вообще находятся.   Ещё будут ядерные удары по необучаемым, потому что других вариантов просто нет, ну и хохлов завалят за компанию. Вариант при котором Россия стала сильной страной с развитой промышленностью как противопоставление Китаю не прокатил из-за повального воровства местных индейцев.   Илитка забила и включила второй вариант, при котором славянские индейцы будут мочить друг друга ровно до той поры пока не станут опасными для остального мира - ""Боинг"" был этим триггером. Думаю или летом или осенью будет адовый пожар по всей буферной зоне на глубину до Киева в Украину и до Москвы в Россию. Все, кто живёт в этой полосе подохнут как мыши в микроволновке.  На этот случай настоящие олдфаги уже заготовили вискарь и тушняк."	1
>>>7528929 Да ну тебя нахуй с такими прогнозами.  Дру-кун.	1
[]	1
>>>7530585 схуябы?	1
>>>7530563 Представь себе, что за монгольский тугрик дают тысячу рублей, причём за тугрик ты можешь купить что-то только НА ГРАНИЦЕ с владельцами тугриков. Караваны торговцев на лошадях и паровых обозах с охраной из чуркобесов с автоматами, проезжающие мимо грызущих трупы друг друга мирных жителей Новой России. Найти рабочий генератор или канистру бензина тяжелее чем отыскать святой грааль, повсюду пожары и орды обезумевших пидорах с луками, ножами, кольями, набигающие на караваны и редкие группы естествоиспытателей с Европы, защищаемой Стрелками Окраинного княжества.	1
>>>7530621 Недвига же ебнется по словам местных поклооников демуры. Покупай доллар хоть по 100 - потом бохатые хоромы купишь!	1
>>>7530640 биржей блять  свифт --- это лишь одна (самая популярная) система обмена баблом рашка например может ее импортозаместить например яндекс.деньгами	1
>>>7530661 Я ж пишу, паранойя не дает. ИМХО нас ждет и официальный курс и запреты на хранение бакса под подушкой. Мне главное теперь успеть до пиздеца дом прикупить, ибо в комми блоке жить ну просто очень заебало.	1
>>>7530704 Как только ты найдешь покупателя на эти рубли. Хуле не дописал?	1
"По аэропорту одна из сторон явно очень крупно пропизделась. Тут уже не может быть ""истины посередине"". Вот только кто именно?"	1
>>>7530865 А смысл ей делать это? я нихуя ни пони	1
>>>7530957 >>>7530957 >>>7530957 Я же ясно спросил: почему не выживут (если не выживут) те 200 ярдов экспорта, которые НЕ нефтегаз, блядь?	1
>>>7530907 В Сперми собирают комплексы С-400 и прочую ёбань. Периодически у них что-то взрывается и кто-то отправляется к Петру и Павлу. Вообще неплохо бы там химией ебануло.	1
>>>7530427 Я в вашем сельском хозяйстве не рублю нихуя - я системный программист. И из одной параши 3-го мира в другую перекатываться, где еще и работы нет - сомнительная выгода	1
Кажется население начало что-то ПОДОЗРЕВАТЬ.   Мухосранск-100к.	1
Собственно, резюмируя - ястребы в совке придумывают хитрый план, реализуют, никто ничего не знает разве что разведки НАТО догадываются, пруфоф никаких нет, экономических последствий нет так как союз себя сам обеспечивает хотя и хреново. SORT OF WIN Ястребы в ресурсной федерации придумывают хитрый план - весь мир все видит, фотки танкеров постят на АИБ, санкции ебут нежно лелеемую ястребами оборонную промышленность и экономику. EPIC FAIL	1
>>>7531537 Блядь, с зарплаты еще задоначу в 79омбр киборгов. Это д блядь звери какие-то.	1
">>>7531814 Похоже, мы каждый о своем говорим.  Ты говорил о ""живительных санкциях"" в разговоре о методах на примерах 1940, 1973, 1982 и 2014 годов.  Я говорю, что ситуация в каждый из этих годов была своя, а уравнивать методы СССР 1973 года и России 2014 некорректно. Разумеется, в 1940 году никто детальные планы на 1982 не строил, на такой срок можно прогнозировать только в самых общих чертах. Но говорить о том, что в СССР, стране пятилеток, не было долгосрочного планирования, также нельзя. Да, элиты СССР не справились с реальностью, они не смогли ни в прогноз, ни в его реализацию, и этого государства больше нет, этих элит и их преемников также нет у власти. Но повторюсь, что сравнивать методы России и СССР некорректно: сейчас реагируют по ситуации, на пару лет вперед в лучшем случае, а когда прогноз не сработал, неясно, что делать. Все эти ""нас там нет"" и прочая пропагандистская хуета низкого пошиба - следствие общей, системной деградации управления в России: зачем заботиться о деталях, когда сам план не проработан, зато доступ к дуроскопу для внутреннего потребления не ограничен; но деградации по сравнению именно с СССР."	1
Я перестал к нему серьёзно относится после высеров про абамку-обезьянку))))и загнивающие штаты.Штаты у него никогда не были полноценным белым миром,охуеть вообще.Лучше просто подписаться на антимайдан	1
>>>7483106 нормальные поставки оружия и продукции другой. К тому же ты совсем забыла про австровенгрию, это страна должна была занять балканы, а рашка вообще нахуй не нужна им.	1
>>>7483943 Ты ничего кроме оскорблений не сказал, чтобы тебе возражать. Понравился так понравился, всем похуй.	1
>>>7484095 Ты его хуёво читаешь.	1
>>>7484161 Блядь, это гротеск, чтобы показать логику происходящего. Никто никаких премий естественно не организовывал. Никто никаких прямых приказов не отдаёт.	1
">>>7484235 Логика происходящего такова: ""Левиафан"" - один из лучших российских фильмов за последние дохуя лет. И ""мыслителю"", вместо того, чтобы сверкать лучами поноса, лучше было бы поразмышлять на тему того, почему же всё таки хорошее русское кино такое депрессивное."	1
"Кстати, откуда у Галковского деньги?  Заметил, что как только Галковский начинает писать о том в чем я более менее ориентируюсь (религия, христианство), так тут же начинается: элементарное незнание основ, штампы популярной литературы 19 века, незнание состояния современной науки по данной области, домыслы и так далее... Вот например в этом же посте кто-то в комментариях начинает возражать  Галковскому про ""сектантов"" и Дворкина, в нескольких пунктах опровергает его тезисы, на что ДЕГ отвечает: ""Да ты уголовник, епт, что лезешь?"".  Подозреваю, что специалист по политологии, истории и т.д., в общем человек действительно понимающий в своей области, сходу может опровергнуть большинство его идей. Но заявлены эти идеи с позиций инсайдера, а куда нам-то простым смертным?"	1
>>>7484733 Если человек получил аж степень, то мудаком быть никак не может и обязательно умён. Типичный совковый стереотип.	1
>>>7453468 Можем и устроим. Суть не в этом, а в том, что Навальный всё отменяет именно потому, что боится перерождения своего самого заебатого протеста в социальный.	1
>>>7452985 Что  значит отменил? Какое он право имеет приказывать? Будто все протесты должны только по его команде совершаться. Совсем охерел, как к рабам и скоту относится.	1
>>>7452985 Всё правильно сделал. Какая революция зимой, совсем охуели чтоли - зимой водомёт холодное оружие	1
>>>7470762 >>>7470762 Дабы у вас, 15 рублевых, работа была	1
>>>7529633 В инглиш не умею, капчую с трубы, что в статье кто ебанул по версии ОБСЕ?	1
>>>7529676 Пишут что ебашили с севера, северо-востока. Больше нихуя. Ну еще напислаи что у дыркарей появился аистенок, тпи очевидное невмешательство роисси лол.	1
Вообще вот если честно, то я как-то тоже стебался с фразочки ЗАТО У НАС НЕ СТРЕЛЯЮТ. Но бля после видео с Волновахи я просто охуел. Это ж какой-то ёбаный Heroes III просто. Метеоритный дождь нахуй. Или там с Донецка видео, где на горизонте хуярят бимбами вовсю, а народ спокойно себе ходит. Пиздец. У меня бы крыша поехала нахуй. Так что знаете, ЗАТО НЕ СТРЕЛЯЮТ всё же аргумент… Не смешно нихуя.	1
>>>7484440 Ты задаешь вопросы, которые начнешь понимать через несколько лет копания в этом дерьме, удачи.	1
>>>7471531 Блядь, там их 4 вообще-та... какой из?	1
>>>7473035 У них там национал-коммунизм, если взять именно корею северную. Там косметики просто нет, как и нет евреев, вообще. А так снеси штукатурку почти со всех тян и на половину хуй никогда не встанет. Без тех же теней они все выглядят крайне непривычно. Тем более, если тян всю жизнь косметикой не пользовалась - прыщи на ебале до 30 лет, желтый цвет кожи от хуевой еды, синяки под глазами и прочие веселия.	1
>>>7474558 Удвою, гарна дивчина, небось ебется как лошадь, до перелома таза.	1
>>>84860502 Да он же пиздец ебанутый.	1
>>>84860344 Отъебошил бы пидораса выебистого	1
>>>84859658 какого хуя он весь фиолетовый и с гнойно желтым пятном на спине?0_о мамаша крокодил по вене гнала чтоль	1
>>>84862357 Ньюфажина, они уже легенды, метнулись в ввысь	1
>>>85612191 Съеби в свою пещеру.	1
я сказал САЖИ	1
>>>85238638 А тебе, тварь, приятно, я смотрю.	1
>>>83914911 Ну ты и чухан.	1
>>>83915513 Хуедлено, мудак, соси мой хуй!	1
>>>83914911 нахуя тебе все это говно блядь? мне даже в гараже такие помои впадлу хранить, а ты каждый день на этот свинарник любуешься	1
>>>84873367 Поясняю как могу, кароч. Соц - это отрыжка бреда. Но это опасная отрыжка и только потому, что социоблядь-битард быстро осваивается в конфах и на сходках. Потом они решают толпой, что конфа для траллинга бредачика и начинают извлечение лулзов из создания трендов с биопроблемами. Они поддакивают, семенят и обращаются с хикке-битардами, как с животными или игрушками. У них получается добить до бамплимита почти любой тренд, а школьники думают, что это опять тянки кому-то дают, а им не хотят. Угадай, что потом делают школьники, когда им сука блять одиноко? Похуй, можешь не отвечать. Они идут в соц и все повторяется. Спокойной ночи.	1
Пиздец ты аутист нахуй	1
>>>85583016 Долбаеб считающий что знание связей в витчхаусе влияет на конечный продукт	1
>>>85583016 Так это он долбаёб же, а не я. Я привнесу новую волну лоу-фай звучания в вичхаус, а так же новую волну овердрайвнутых ударных и нойза с нотками олдскульных рейвов. Стена звука!	1
Парашники. 	1
В 2015м это говно ещё популярно?	1
>>>83914911 Ну ты и чухан.	1
>>>83915513 Хуедлено, мудак, соси мой хуй!	1
>>>83914911 Ну ты и чухан.	1
>>>83915513 Хуедлено, мудак, соси мой хуй!	1
>>>83914911 нахуя тебе все это говно блядь? мне даже в гараже такие помои впадлу хранить, а ты каждый день на этот свинарник любуешься	1
>>>84873367 Поясняю как могу, кароч. Соц - это отрыжка бреда. Но это опасная отрыжка и только потому, что социоблядь-битард быстро осваивается в конфах и на сходках. Потом они решают толпой, что конфа для траллинга бредачика и начинают извлечение лулзов из создания трендов с биопроблемами. Они поддакивают, семенят и обращаются с хикке-битардами, как с животными или игрушками. У них получается добить до бамплимита почти любой тренд, а школьники думают, что это опять тянки кому-то дают, а им не хотят. Угадай, что потом делают школьники, когда им сука блять одиноко? Похуй, можешь не отвечать. Они идут в соц и все повторяется. Спокойной ночи.	1
>>>85582954 Ну, давай. Жду. Хотя, судя по фото на оп пике долбоёба с витчаута, считающего, что террористы и чёрная одежда как-то связаны с витчхаусом - ничего хорошего ты не можешь сделать. 	1
>>>85583016 Долбаеб считающий что знание связей в витчхаусе влияет на конечный продукт	1
>>>85583016 Так это он долбаёб же, а не я. Я привнесу новую волну лоу-фай звучания в вичхаус, а так же новую волну овердрайвнутых ударных и нойза с нотками олдскульных рейвов. Стена звука!	1
>>>85583183 >>>85583183 Как же по ушам ебет. Весь вичхаус такая параша?	1
Парашники. 	1
В 2015м это говно ещё популярно?	1
>>>85587003 Я не наркоман, то что я делаю музыку для опущенцев, не означает, что я сам такой.	1
>>>85587566 Чому быдло? Поясни.	1
>>>85587635 Ой ну вас в пиздень, обколются своими солями и ябут потом друг дружку в жеппы. То ли дело у нас - вином/пивком разогнался и на пати. Пока проходку ждешь догнался чем хорошим и вперед, на танцпол, до утра.  А в других клубах чё щаз - пришел, педики какие-то сидят, быдлоохрана, которая себя охранять не может, шлюхи вальяжно ноги закидывают на диванах, дохуя секси типо. На танцполе никого, местный хмырь-дижей 10 треков уже месяц крутит, ладно хоть бит подгонять научился, под который 3 макаки на танцполе конвульсивно дергаются, да шлюхи толстожопые изображают из себя дохуя секси-леди.   Где драйв, где отдых, где атмосфера? Тьфу.	1
>>>85583628 невнятное попердывание.	1
>>>85589032 мм)) ммм)) декаданство)))) подштанники как полина порезал?)))) чтобы проветривалось??))	1
>>>85590325 вот блят иди нахуй) в 2019 году буит куча тредов где уже не школьники будут ныть по этим временам) когда показав щепотку тровы ты можешь поебать няшную вичуганку с запотевшим ливчиком и аутированным ебалом)))	1
>>>85590925 а это, по-твоему, что, эксперт хуев? 	1
>>>85595464 Да ты конформист, ваще не лезь. Слушаешь продажных петухов, ой все, уйди.	1
>>>85597769 Так он не фанат, сам ты мудак.	1
>>>85597475 я миксовать это имел неудовольствие ещё в 2011. а теперь те же пидоры, которые фкали, слушают это. какаю тебе в ротан. шифт нечем нажимать, твою еот за голову держу	1
>>>85598966 Нет сука, ты ещё точки не ставишь пиздюк.	1
>>>85599371 Это значит, что ты пидор.	1
>>>85602475 Иди лечись, везде пердеж слышишь.	1
Пользуясь случаем, хочу передать всем, что вы говно и музыка у вас говно. Спасибо.	1
>>>85603007 Нравится - слушай, просто теперь он будет знать, что слушает хайповое говно, которое однажды уже не прокатило.	1
Пиздец, столько ответвлений от каждого говна.	1
>>>85604190 Лэпфокс мьюзик можно вспомнить, но там хоть и разные очень стили, но звучат одинаково говняво.	1
То, блядь, допстеб, то, сука, вичхаус. Ебучее школие.	1
>>>85604711 Иди в вебм-тред, болезненный.	1
>>>85605192 Что ты знаешь об андегрунде EDM, говно?	1
>>>85582954 Ну, давай. Жду. Хотя, судя по фото на оп пике долбоёба с витчаута, считающего, что террористы и чёрная одежда как-то связаны с витчхаусом - ничего хорошего ты не можешь сделать. 	1
>>>85583016 Долбаеб считающий что знание связей в витчхаусе влияет на конечный продукт	1
>>>85583016 Так это он долбаёб же, а не я. Я привнесу новую волну лоу-фай звучания в вичхаус, а так же новую волну овердрайвнутых ударных и нойза с нотками олдскульных рейвов. Стена звука!	1
>>>85583183 >>>85583183 Как же по ушам ебет. Весь вичхаус такая параша?	1
Парашники. 	1
В 2015м это говно ещё популярно?	1
>>>85587003 Я не наркоман, то что я делаю музыку для опущенцев, не означает, что я сам такой.	1
Ну ка поясни мне, че за бичхауз и чому я должен слушать его, а не бодрый handsup, и отплясывать с грудастыми девчонками в бункере под дэнскор. Я весь внимание.	1
>>>85587566 Чому быдло? Поясни.	1
>>>85587635 Ой ну вас в пиздень, обколются своими солями и ябут потом друг дружку в жеппы. То ли дело у нас - вином/пивком разогнался и на пати. Пока проходку ждешь догнался чем хорошим и вперед, на танцпол, до утра.  А в других клубах чё щаз - пришел, педики какие-то сидят, быдлоохрана, которая себя охранять не может, шлюхи вальяжно ноги закидывают на диванах, дохуя секси типо. На танцполе никого, местный хмырь-дижей 10 треков уже месяц крутит, ладно хоть бит подгонять научился, под который 3 макаки на танцполе конвульсивно дергаются, да шлюхи толстожопые изображают из себя дохуя секси-леди.   Где драйв, где отдых, где атмосфера? Тьфу.	1
>>>85583628 невнятное попердывание.	1
>>>85590925 а это, по-твоему, что, эксперт хуев? 	1
>>>85595464 Да ты конформист, ваще не лезь. Слушаешь продажных петухов, ой все, уйди.	1
>>>85595204 Лютый кал, честно. Нет души, рандомный набор звуков, фл первый раз открыл?	1
>>>85597255 Я короче на ноуте буду врубать треканы, а вы орать - это наш лайв-проект будет. Ток не жируха, плиз.	1
>>>85597475 я миксовать это имел неудовольствие ещё в 2011. а теперь те же пидоры, которые фкали, слушают это. какаю тебе в ротан. шифт нечем нажимать, твою еот за голову держу	1
>>>85598966 Нет сука, ты ещё точки не ставишь пиздюк.	1
>>>85599371 Это значит, что ты пидор.	1
>>>85600968 Абсолютно. Куча годноты, в отличие от однообразного пердежа и скрипения заебавшего бростепа, и еще более однообразной долбежки каких-нибудь хардстайлов. Впервые за много лет годное направление в музыке, даже удивительно.	1
>>>85602045 Ну без мелодии, я имел в виду. Мне-то норм такое, а вот ему без мелодии видимо никак, для него это просто долбень.	1
>>>85602475 Иди лечись, везде пердеж слышишь.	1
Пользуясь случаем, хочу передать всем, что вы говно и музыка у вас говно. Спасибо.	1
>>>85603007 Нравится - слушай, просто теперь он будет знать, что слушает хайповое говно, которое однажды уже не прокатило.	1
>>>85604190 Лэпфокс мьюзик можно вспомнить, но там хоть и разные очень стили, но звучат одинаково говняво.	1
То, блядь, допстеб, то, сука, вичхаус. Ебучее школие.	1
>>>85604711 Иди в вебм-тред, болезненный.	1
У edm самый худший андерграунд из всей музыки, а все, кто этот андерграунд слушают - раковые дети.	1
>>>85605192 Что ты знаешь об андегрунде EDM, говно?	1
>>>85607116 Вудвэйв, как раз до пидорахии докатится	1
>>>85607311 kakoe je gavnishe	1
>>>84113467 пиздец, ты мудак еще раньше бампов начал сагать, тебе не лень отслеживать появление тренда и доебывать его обитателей, какой профит?	1
>>>84117269 блядь, а отец то где был, ты тупой? ну опиши что было вокруг	1
>>>84119623 ты ебанутая?	1
>>>84120734 Рисовал. И в ОСы пытался выйти. И Кастанеду читал. И мухоморы ел. Хорошо что я уже вырос из этой шизотерической хуеты.  	1
>>>84126734 Картография - это исследование, а осы - онанизм. Улавливаешь разницу?	1
>>>84129882 У тебя интеллект с мозгом, походу, не связан. Съеби и не маячь., кончеед.	1
>>>84130507 Адекватные люди &gt; сперма &gt; моча &gt; говно &gt; украина &gt; астральщики &gt; картографы сновидений	1
>>>84130951 Ты очень глупо выглядишь. Так что уёбывай сам. Лучше пни макаку в 	1
>>>84131018 Рот оффни, чмо.	1
>>>84131102 Я говорю рот закрой, клоун.	1
ТОПКЕК, пидарахи убегают от реальной жизни в сны, продолжая оставаться рабами	1
>>>84131216 ОС сорт астрального шизомагического говна. Так что в mg, фантазер!	1
>>>84131237 Ну так не кукарекай, я же тебе написал чтобы ты пасточку свою завалил.	1
>>>84131310  ОС сорт астрального шизомагического говна	1
>>>84131580 Саси, аутист.	1
>>>84131872 Сам заканчивай и пиздуй в магач. Ты скучный.	1
>>>84132423 >>>84132423 Уебывайате из моего треда, неверующие дауны. Блять ещё слово сука и каждый из вас не проснется завтра утром я нахуй отвечаю.	1
>>>84132780 Иди нахуй, манкрфтошкольник.	1
>>>84857942 Это Лёва, даун	1
>>>84861443 Нахуй пошёл! Я ненавижу физику.	1
">>>84861908 Уёбок ты, слово ""трудовик"" через ""О"" пишется. Вот оно, подросло поколение учителей-дегенератов"	1
Всегда мечтал об учителе-двачере, он бы спалил, что я капчую и мы бы вместе капчевали и травили понятные только нам стори. Но,увы, за 11 лет мне попадались только орущие пёзды.	1
>>>84870589 А если я этого быдла пошлю нахуй? Что мне будет? Посадят?	1
>>>84875257  Иди уже нахуй.	1
>>>84875257  А потом ты сука понаедешь в мою ламповую Россию чтобы тут работать официанткой или продавщицей. И черной магией еще будешь народ убивать. Подавись бульбой мразь	1
>>>85606399 ебать ты содомит, много много подливы	1
>>>85607662 ты ебанутый? ты че там делаешь?	1
>>>85607992 логово ленивого жиробаса	1
из-за ебаных этих тредов я начал ремонт в своей дыре и пробил сука проводку сажи вам гандоны	1
>>>85608312 Ебать ты лох.	1
Сейчас он увидит, что сынку сидит за комплюктером и на пидоров смотрит, да погонит тебя ссаными тряпками на парашу	1
>>>85606997 Ты по жизни хуем наказанный.  ОП	1
21 год сидел твой батяня, значит максималку впаяли, отморозок знатный выходит. Подствой какую нибудь хуйню чтобы его приняли. Найди травы подставь батяню.	1
Только что батяня меня выебал, говорит чаще ебать будет, очко то не разработанное.  ОП	1
Пидорки, завидуете? Во мне кровь сильного бандита, а вас петушиная моча течет.  ОП	1
>>>85607956 Мамку ебал?	1
>>>85608308 Отжали Карабах, отожмете и Двач? А вот хуй!	1
>>>85608537 Власть в твоих трусиках свергнута	1
>>>85609336 Теперь ты обосравшийся пидорас	1
>>>85609528 Если ему меньше 22, значит он ублюдок обыкновенный	1
Ебать пиздец полный ди нахуй	1
злые пидорашки	1
Кто на понтах на воле ходит, тот петухом сидел. Нормальные сидельцы лишний раз не будут кичится этим. Так что можешь понять батьку в попу.	1
>>>85610271 мамка твоя с остервенением с собаками резвится под хвост. а здесь все по-старому.	1
Пиздец, как меня прикалывают эти уебаны сиделые. Вот такой же опущенец подходит на вокзале, говорит, мол дай на опохмел - я только откинулся. Сука сидел значит в гадюшнике за беспредел, нихуя не делал, поролся с такими же пидорами в туза и жрал бесплатно, а теперь думает, что его с какого-то хуя все уважать должны. Мало того, что он самый настоящий биомусор, так ещё пытается на воле за понятия, что-то пиздеть и людям жизнь портить.	1
>>>85610941 дай бате тогда рулеточку крутануть. там и поймем, кто он по масти. а пока вы с батей гениталии незатейливые.	1
>>>85611224 Видно, нормально Пу твоего папку на кукан нахлобучил, что ты так часто Путлера поминаешь :3	1
ОП-хуй, чего слился-то? Пукан пригорел?	1
Я, блять, хуею уже с этих информационных хохлятских войн на сосаче. Уже, блять, треды от имени приблатненных чертей создают, чтобы путлера и русских почем свет поносить. Бля, скока же вам платят, в натуре?	1
>>>85238302 Хуйня муравьиная. Не хотеть.	1
Ты опять начинаешь ебучий шакал?	1
Ничего не имею против биопроблем и желания няшкаться, как и не имею ничего против того что ты это вот все тут ищешь (мне просто похуй), но есть одно замечание: нахуй забитых хикке-тян. Они наголову ебнутые, инфантильные ебанашки, блядь.  Если же ты имеешь ввиду просто необщительность тянки, то норм. Удачи.	1
Удалили вместо этого мой пост в /b/, где я указывал на нерелеватность ватного высера. Лол.	1
бамп  Какие борды и доски явно принадлежат кремляди?	1
>>>7762582 В укре всё ясно, пятнадцатирублёвый. А я говорю про нейтральную площадку.	1
>>>7762550 Да нет таких. Везде ольгинская плесень зато проникает. Даж тор, даж айтупи, даж к аллаху.	1
">>>7762743 Ты о каком таком анимешном сленге? Аниме это для криаклов.  А вот ""русофобский"" тред. "	1
>>>7762946 Спасибо, бро.  Скажи, а ты именно белорус в этническом отношении?  У меня за этот год развилась стойкая русофобия, хоть я и чистый русак, не понимаю, как люди по ту сторону границы могут ещё воспринимать нас представителями человеческой расы, этот пиздёж ватников просто выносит мозг.	1
все борды, которые не удалось уничтожить шитпостингом, засраны пропагандонами. это началось еще году в 10. аполитичная масса инфантилов на боброчане/ычане - самая благодатная почва для пропаганды, как бы странно это не звучало. в нынешних реалиях аполитичен - значит за воровскую власть.	1
>>>7762819 Кек, ньюфаг не палится. >>>7762819 О, годно, известный тред. Давно скачал методичку, но всё прокрастинирую заняться этой штукой. >>>7762819 Зайди. Рашку там традиционно хейтерят. Ну не знаю, в б/ сто лет не был, да и как-то проверять не хочется. А там два треда про политоту чтоле? Укро и рашко?	1
>>>7763283 Разве Калкин стал ватником, вроде всегда либерастом был.	1
>>>7763481 На сырнопараше все чистят, что не входит в манямир Мод-тян и сырняшек.	1
>>>7763526 Думаешь, это была ольгинская многоходовочка, или кукол просто купили в какой-то момент? Или они сами по себе искренние ватные мудаки? Как-то не верится, куклы довольно хитрожопы.	1
>>>7763540 В куклотредах несколько генераций сменилось, это если не считать ответвлений по доскам. Кого именно ты имеешь в виду? А так-то ручечен всегда был гнилью, безотносительно политических предпочтений.	1
Алсоу, в доброчановском рф ваты почти нет. Я там сижу по старой памяти, хотя уже не хикка, лол.	1
>>>7763620 Это у тебя бомбит? Это у меня бомбит, ещё с мая-месяца. Когда наши быдлосограждане, которые в 2010 резво выбрали Яныка, выбрали Пецю в один тур.	1
>>>7763661 Смешно.  Но это всё в любом случае не очень здорово для вас закончится, потому что как бы гениально ваши генералы ни воевали, а они воюют хуёво – ситуация упирается в степень ебанутости Путина. Не будь он ебанутым, он бы и безо всяких санкций отказался от убыточного бессмысленного вторжения. А так, если ему моча в голову ударит, он действительно 	1
>>>7763763 Олигархи, наверное, не верят, но Пукин погнал от себя олигархов и окружил гебистами. Гебист, даже действительно патриотичный, умный и достойный, как например покойник Шебаршин, уволивший Хуйло из КГБ за ничтожность – это всегда параноик и пидорашка.	1
>>>7763900 Ты про набеги на гiйполк? Или у тебя какие-то 	1
Там в админке 7 блядей сидит. Одна вроде как из моего города (собственно, чечен). Выловить бы этих гнид где-нибудь и отхуярить за всё хорошее.	1
>>>7763924 Иди куклобляди отсоси, говно ньюфажное.	1
>>>7763985 Не 100%, но больно пидорок по поведению похож.  	1
>>>7764030 Не спрашивай меня. Я вообще не знаю, что у ваты вместо мозга. Хвала альмсиви, в моём исконно рюскам горате адекватов больше.	1
Один знакомый шизоид осенью туда перебежал. Правда он ошивается в тамошний понитредах и вроде как не залупинец.	1
>>>7764641 Ну ты упоротый, хорошо что потёрли, ссылку-то сюда нахуя? Ватный модер теперь меня запомнит. На скринах-то видны мои ответы, ты очознаёшь, что они видны только администрации и отправителю?	1
>>>7764745 Тебе не кажется, что специфика доброчана просто не позволяет ему быть ватным? Это ведь анимешники, пидоры, хикканы, альфачи-прожигатели жизни и креаклы. Это должна быть чисто националпредательская борда по своей демографии, да и аргументы ватников там полный пиздец, на параше таких дебилов нет. Я всё же верю в роль администрации.	1
"Вот например. Что этот клоун пытается нам изобразить?  Голосовал. Да. Можно было на разных участках голосовать на один паспорт несколько раз но я только один проголосовал. Видишь ли я тоже использую идиому ""поребрик"". Ее довольно много кто на Донбассе использует. Родина у меня СССР. Украина сколько себя помню воспринималась как нечто временное. Предчувствие меня не обмануло. Это не укропское враньё, а особая украинская виртуальная реальность. Например вначале кричать что Донбасс дотационный, а потом внезапно осознать что он обеспечивал 80% валютной выручки всей страны.    Я не на стороне РФ, а на стороне Новороссии. Мы построим свой лунапарк с шахтами и поребриками."	1
>>>7764909 Тренд задается ольгинцами, а там уже мамкины тралли с пикабу подхватывают, и поехало. Саморегуляции нет, моча на страже треда, гуляй не хочу.	1
Я так понял, на ресурсе создается видимость свободной дискуссии, но если креаклы слишком подминают под себя дискуссию, как они всегда и делают, поскольку Пруфы на их стороне, а у оппонентов только скотское блеяние и повторение одних и тех же мантр – начинаются массовые удаления и баны, после чего тред топится на несколько часов, чтобы у окучиваемой популяции анимедебилов-аутистов обнулилась память и не вырабатывался последовательный связный локальный дискурс. А потом они опять начинают поддувать сами себя своими глупыми вбросами, действуя на конформизм.   Возможно, это моя паранойя, потому что не очень-то рационально окучивать такую маленькую доску. Но с другой стороны попилы кремляди всем известны, а теоретически анонимус вполне мог бы создать новые мемы и проч., которые бы повлияли на всю оппозиционную тусовку в том числе в сторону её большей зубастости. Поэтому дискурс очень методично и даже на мелкобордах дебилизируется вот такими дисруптивными (как это по-русски?) вмешательствами.	1
>>>7765094 Лел, и даже мой невидимый для других пост. Но удалили всё же все, а не только твои.  Вообще я бы всю политическую парашу объявил бы вне закона ещё год назад. В этом плане разочаровал родной доброчан.	1
>>>7765260 Ну ты и дебил. Очевидных вещей не понимаешь?	1
">>>7765347 Ну, когда они появились, там на полном серьезе писали ""топик"", ""автор"" заместо ""оп"", стучать моче по любому поводу не считалось зазорным. Абу неоднократно просили убрать крымотреды на /poрашу или в /wm, но ответом было ""эти события интересны людям"", поэтому крымотреды будут в /b. Ну и в добавок в них нельзя вайпать, иначе придет моча и забанит."	1
">>>7765365 Чувак, тебе на добрач. Тут же моча не прикроет. Вообще удивительно, какие у ваты в интернете и в реальности одинаковые повадки: спрятаться за щит модера/мента и срать на окружающих; словив ответку – призывать к наказанию. Это выражено в блестящей формуле ""Друзьям всё, врагам – закон""."	1
>>>7765411 Если ты куда-то заходишь и тебе кажется, что все вокруг ебанутые, то скорее всего ебанутый это ты. Просто признай. >>>7765411 Там указаны пункты правил, дура.	1
>>>7765426 Скрыл ольгинца/жирдяя. Никаких +15 сегодня!	1
>>>7765347 Пик - вайп на фоне непотопляемой крамопарашы, по версии очкопетуха. >>>7765347 Здоров Сев.	1
>>>7771273 Ты повторяешься. Ещё раз ссу на тебя, толстяк	1
Вся эта сволочь – это очень небольшой слой дерзких маргиналов, решивших подзаработать на патриотической теме. В норме они простые честные бандиты, психопаты, жулики и не собираются умирать ни за какую идеологию. Гилькин там почти единственный человек, не замешанный в откровенном криминале (кроме war crimes, лол) и он тоже не собирается бунтовать против Путина, поскольку все его речи пишет ему Дугин, не представляющий России без Путина никак. Короче говоря, конечно, если бы в России была возможна революция, её бы делали радикалы, но эти подонки из Новороссии – это даже не радикалы, а просто люмпены, который примкнут к кому угодно, способному добыть хоть какую-то поддержку в народе, например к имперцам.	1
пидорашка уже давно на уровне палестинских террористов	1
>>>7766419 Прикольно как пидорашки думают, что их все ненавидят. А на самом деле всех ненавидят они сами.	1
>>>7766419 Проигрыш.  А вообще забавно ЗООНАБЛЮДАТЬ™ над пидорахами, которые факают на америку в американском интернете, запущенном на американском сервере и работающий на американском недопохапе и оракловским мускуле. Пидорахи/10.	1
>>>7767348 Производят немного для внутреннего рынка, все остальное делает Китай. Ты обосрался, пидорахен.	1
>>>7767416 Еще один ебанашка. Все чертежи давно принесены, активно производятся всевозможные девайсы. Все что еще не принесено, легко додумывается самими китайцами. Причем не хуже по качеству.  Откуда вы лезете, ебанашки наивные?	1
>>>7767576 Двачую. Надо думать как можно еще пидорах на далары обьебать.	1
>>>7767484 Святая наивность. Технологии давно завезли, технику и теорию.  Патенты вообще никого не ебут, изменил форму двух болтов и уже не придерешься. >>>7767484 Еще одна ебаная тупица.  Как ты не можешь понять, даун, что китайцам достаточно того опыта, что они получили от тесного сотрудничества со швятой мурикой. Отбрось стереотипы, китайцы теперь могут не только копировать и множить, они давно в состоянии производить самостоятельный продукт отличного качества.	1
>>>7767914 Уймись, ксеноватник, ты уже истеришь. Не надо сравнивать Россию и Китай. Китай гораздо более продвинут в плане технологий.  >>>7767914 Вилен, бро, да ты реально заебал. Я думал русофобия - это лишь способ самовыражения, но у тебя походу с этим серьезные проблемы.  Ты регулярно принимаешь таблетки, Вилен, бро. Я беспокоюсь.	1
>>>7768095 Слился, пидораха.	1
>>>7768825 амерские бомбы плахой? руснявые бомбы хароший?	1
Похуй на пидорашек.	1
>>>7529361 Ты че тупой?	1
"Посмотрел фильм с Серебряковым ""Лефиафан"".  Неужели в России такой жесткач с илитами и тупым быдлом?"	1
>>>7476912 И хули они протестуют? Его же не выгораживает никто, будет сидеть. Чего им еще надо, зачем флаг топчут? Животные, блядь.	1
>>>7476912 Тред не читал. Танками армяшек подавили уже?	1
Я понимаю когда русские бугуртят когда очередного чурку от тюрьмы отмазывают ну а тут то кто отмазывает солдата?	1
Может быть армяне ебали нашего братика все это время? Вот нервы и сдали.	1
>>>7478005  Тут армяне молодцы. А что вообще, без шуток, почему произошло и кто виноват и так далее? Есть какие версии? Он ебнутый, его довели, подставили, подкупили или не его - что как?	1
Лол, Россия это единственное что защищает армянских шлюх от  двойного проникновения азербайджана и турции. Удачи им с их потешной армией против Азербайджана.	1
И можете сразу отсекать всю дедовщину, там халява полная на базах в Армении. Можно коньяк с колой заказывать прямо в часть, лол. Чувак просто ебнутый был.	1
>>>7478492 Он в гражданку переоделся, всё с базы оставил в доме, почему вы все жопой читаете?	1
Я придумал детектор чурок >>>7478562 >>>7478562	1
Лал, пидорашки и с армянами уже посрались.	1
>>>7478630 Он съебался с базы и это спалили еще до того, как все узнали про выпил хачесемьи, вроде. Использовал казенное оружие, назад, естественно, уже точно не собирался возвращаться. В такой ситуации не похуй ли, найдут еще один пруф твоего присутствия на месте происшествия или нет?	1
>>>7478704 От по пидорашкински жи	1
>>>7478492 Так там же азерботы были!	1
Сосачую тех, кто вспомнил про Мин. Воды. А вообще, эти трусы недостойны жизни. Считаю их унтерменшами, которые только и умеют что расселяться по миру. Даже хохлы и то лучше, потому что умеют воевать за свою родину. Алсо, в свое время достал бензин для анона, который подпалил араскую рыгаловку.	1
>>>7478821 Всегда поражают рашкинские больницы. Пропускная система отсутствует в принципе, никакого контроля ни за чем лол. Такое только в это стране могло произойти что спокойно так такую толпу левых людей пропустили в больницу. Охуеть вообще конечно.	1
>>>7478562 Ты идиот? Азербайджанцы и есть отюреченные персы, только тамошние пидорашки любят считать себя 100 % тюрками.	1
>>>7479013 Только предохраняйся хорошо, тебе же не нужна хачеличинка	1
>>>7479013 Да. Я тоже хочу выебать армянку. Правда она няша ?	1
>>>7478977 То есть, тебя только это поразило? А то, что русня не вынимает изо рта черные хуи, тебя не поразило?	1
>>>7479121 в 30 на 1, русня как всегда сосет	1
>>>7479207 В сентябре-октябре на сипе писали, что двое на свободе остались, кажется  Один Русский стоит шестерых хачей. Карма из э битч	1
>>>7479301 Думаю, что бы таким стадом ворваться в больницу и отмудохать насмерть человека нужна очень веская причина	1
>>>7479253 Армяногоспода захотели убить русню, разве нужен другой повод?	1
>>>7479437 Мурика будет тут как тут. Сейчас самое вредя пообещать армянам денег и защиту от русни.	1
>>>7479455 его лопоухий еблет руснявого унтермеша как раз говорит о семье алкашей или инцесте или всего вместе. Были бы родичи при бабках он бы вообще не служил, тем более в какойто жопе у черта на куличках.	1
>>>7479467 Лол. Лолол. Обезьян подумай зачем американцам хачестан когда они свои базы могут поставить в грузии и/или украине?	1
>>>7479531 Примерно затем же зачем и хачестан, многоходовочка. Понятное дело если бы американцы хотели бы базы на кауказе они бы все ими заставили в 2008 году	1
>>>7479603 Через сослуживцев впашке нашли его, там какой-то хач, вероятно, бывший товарищ, уже успел взбугуртнуть на стенке. Проиграл, когда увидел	1
>>>7479603 коммипидор, проследуйте пожалуйста за последний столик	1
>>>7479647 Для коммипидоров здесь нет столиков. Они едят с пола, у параши.	1
Надо его раскручивать, как героя русского сопротивления. Шесть чурок за раз завалил - такое далеко не каждый скинхед сможет.	1
Ормяне никогда не были бойцами, военами, или набегерами. Попляшут возле посольства и уйдут. Эти животные забыли как они мебель в квартирах жгли в 90-е чтобы обогреться, когда получили независимость от злобного СССР? Ну так вспомнят, когда РФ перестанет им помогать и что-то у них покупать. Ебанутого военного выдавать животным не следует. Его следует судить российским судом и отправить на пожизненную сгущенку в россискую тюрьму.  тред считаю закрытым. аллах акбар, братья	1
>>>7479829 он мудак, а не герой. Он не воен, он пидор. Убить гражданское население может любой уибан, но воен убивает только военов.   Поэтому он идет на хуй аллах акбар, братья	1
>>>7476912 Ну грохнули пару чуркобесов с их личинками чего уж там. они друг друга больше порезали. Вони то развели.	1
>>>7479939 Пидораха рассуждает о животных. Кривое зеркало на политаче.	1
>>>7479603 Тебя в гугле забанили? Алсо, у этого вырожденца на стене и в комментах тонны лютой ненависти. 12к комментариев под его рылом. 	1
Служил там,танкистом. Уебков много,неудивительно.	1
>>>7480285 Не крашеных ТПшек типа под европейку и не как российские чурки на базарах  в блондинок крашутся чтоб не раздражать, а реальне блондинов. Потомки эллинов наверно.	1
И так двощ, что будет в близжайшее время по новостям РФии. Сми быстро вспомнят Драстамата Канаяна, найдут жидоканаянцев, выступающих против русскоязычных бедных шахтёров близ карабаха.Вот увидите...  Тем более в современной Армении партия Дашнакцутюн до сих пор действует. А дальше будет 100500 тред армяносрача!	1
Фу блядь, армяне. Какая же мерзкая нация. Этих ебучих армян в России больше чем в самой армении. Достали.	1
">>>7480770 не общайся с дебилом.  для него ВСЕ ХАЧИ АДИНАКОВИЕ)))00 ебанату невдомек этногенез ""турок"" и расовые типы греков, армян и разных прочих. лишь бы ебальник свой свинячий открыть, пустить слюну и захрюкать."	1
Ой, да ладно, че они так всполошились?Сколько эти макаки ежегодно у нас в России русских режут, мы так не бугуртим.А тут все то то на всего 6 унтерков, не велика потеря.	1
>>>7478135 Доставляет кукареканье армяшек в сторону РФ, которая донатит в них по кд. Солдаты СШЭЙ и не таким занимаются и хоть хуй	1
>>>7481021 Вообще-то, тот анон абсолютно адекватен, а ты по беспределу наехал. Вывод - твоя мать - шлюха. Сеъби из этого лампового треда.	1
>>>7481063 че еще спизданешь? пернул в лужу, деградант, и доволен? свинота тупая, лол	1
>>>7481112 Так среди ярюзке 95% либо жидки, либо татре, либо хачи-полукровки. Комплескуют из-за своей неполноценности вот и компенсируют. Так же как скрытые пидоры орущие что всех пидоров нужно резать.	1
>>>7480601 Ну всякие ебанутые есть. Окраина вон, сама с собой воюет.	1
>>>7480515 тупой мудиле неизвестно, что русня топила за азеров во время войны и что никакой роли в защите армении от турок или азеров урусы не сыграли, а даже наоборот, лол. ну и ебанашечка.	1
>>>7481352 Самое интересное – ты вообще пидорас	1
>>>7481352 все норм - это русня, ожидать чего-то другого было бы просто глупо. потом они удивляется почему каждый малый и не очень народ их мамуебал.	1
>>>7481352 Анус свой зашей, Захид, а то толсто.	1
>>>7481413 откуда такие выводы, животное?	1
>>>7481352 А, так ты казах и пришел сюда чему-то учить великую нацию? Ты смешон, животное. Почти как армяне, только казахи.  мир братья по вере	1
>>>7481377 Ебучку оффни, чухан. Сын за отца не ответчик, ну а мы-то и подавно не в ответе за этого вислоухого ишака. Хули нам за эту собаку каяться. Иди говна наверни и покайся за бесчинства орды, монгольское отродье.	1
>>>7481456 АНУС СВОЙ УСПОКОЙ, БЛЯДЬ, У МЕНЯ БОМБИТ! У МНГЯ БОМБИТ СУКА Я СЕЙЧАС ВООБЩЕ ВЗОРВУСЬ НАХУЙ ИНШАЛЛА!	1
>>>7476912 Ебанный хохлик снова влажно мечтает!	1
Армяне хуже чеченов, чечены открыто воевали с нами, а армяне подленько так мы братушки типа, а сами втихую русских режут.	1
>>>7481694 Армяне каются за русню, убившую армян, топ кек.	1
>>>7481655 по-всякому, но от от этого рвет жопу ормянопитеков  да восславится имя аллаха	1
>>>7481741 Ты видать совсем дурной, если думаешь так. Скорее всего ты мамкин сыночка-корзинка, который из дома выходит 1 раз в неделю, а новости с либеральной сраки воспринимает как правду.   Я не буду тебя убеждать в обратном, но могу посоветовать просто съездить в Азербайджан и своими глазами убедиться в том, что нормальные люди поддерживают президента, а всякая нечисть из интернета пишет хуйню, на которую всем похуй. Более того этой нечисти там мало осталось: многие боясь сгущенки перешли на сторону власти, а другие просто заткнулись.   Так уж сложилось, что Россию я люблю как свой дом и мне досадно (скажи что мне бомбануло) от того, что такие бараны как ты имеют право что-то писать в интернете.	1
>>>7481778 Откуда ты? Какого верования? В армии служил? Какое у тебя отношение к Азербайджану и России. После ответа на твои вопросы я продолжу общение с тобой, недочеловек, случайно спасенный Российской империей от уничтожения турками.	1
>>>7481997 Это всё хохлы придумали	1
>>>7481989 блядь какие же вы тупые сука, лол.	1
>>>7482155 ты че несешь даун? и теперь-то ты точно спалился, что либо ты не азер либо настолько обрусевший кусок жалкого говна, что не шаришь за реалии. людей с фамилией кончающейся на -ян в азерпичан не пускают, даун.	1
>>>7482540 не твое дело, своим iq озаботься, мразота.	1
>>>7482601 у тебя все к одному сводится, убогий. блядь вас на фабрике штампуют, что ли, чушки ебаные.	1
Следственного комитета Армении... ахаха! у ебанашек лижущих свою жёппу 20 веков есть комитет, ахаха!Ебать, уморили, я пожалуй дам за щеку армянке на районе что крутит шаурму свинкам.	1
>>>7482700 У какого-нибудь голожопого племени индейцев Амазонии она может быть еще длиннее, а у США гораздо короче. Важна не длина истории, а чего за это время добились.	1
>>>7482745 свинья рассуждающая об интеллекте армян - вот это пушка.	1
>>>7482809 Почини детектор, я не хохол	1
>>>7482824 так хохлы и не свиньи. русские - свиньи.	1
>>>7482836 Это точно.  И нечего нам, рузке свиниам, делать в армении и на украине.  Армения пусть сама мирно живет рядом с Азербайджаном. Кроме того, было бы неплохо проверить армян, живущих в России - не пора ли им на Родину.  А с украины Россия уже уходит - будет теперь с Турцией и Китаем дела делать.	1
>>>7482948 похуй ваще, без вас в регионе спокойнее. а коли война будет так без ваших вмешательств ссаных до Баку дойдем. а если меня прогоните - так вообще заебись, давно пора всех армян на родину возвращать, а то что-то разбежались.	1
>>>7483016 хуй им, юг россии вообще наш. пусть весь скфо хачам отдают и уебывают, унтерменши ебаные.	1
>>>7482179 Это ты где такое вычитал? На территорию Азербайджана тебя пустят, никаких запретов я не знаю. Полагаю, что трусливые ормяне сами придумали эту легенду, чтобы оправдать свою ненависть к Азербайджанцам.  Если ты мужчина, а не кусок говна, то даже сможешь там жить и спокойно выехать. Вы армяне по отношению в Азербайджану ведете себя как хохлы по отношению к москалям. Только последние насмехаются над первыми, что рвет пуканы первым.   Слушайте, а у армян и хохлов точно нету общих корней?	1
>>>7483077 Что такое Хачестан без Рашки? Ничего. С азерами и турками мы срёмся, у грузинов есть возможность покупать топливо, газ у азеров. Там еще Иран что-то мутит с трубопроводами в гейропу, но через Азеростан Грузию и Турцию, тут мы опять в пролете. У хачей нет выхода в море как у тех же грузин. Так еще и этот евразес, хотя пытаются усидеть на двух стульях. Пендосам и гейропейцами не до нас, так что на вливания бабла тоже не нужно рассчитывать.	1
>>>7483258 дада иди нахуй, ебанашка	1
метро нет пока трамвай дождешься - превратишься ледышку, когда войдешь пропадет только ветер, тк старые чешские вагоны с жесткими сидениями без нихуя, точнее разрисованы они как правило и в жвачке все. Иди ты на хуй в быдлядтю, илита хуева. А вообще зачем в политач это принес?  Модер, гони его на хуй из тематики!	1
>>>7771006 1) питаюсь сабами из сабвея. тян иногда делает блинчики. 2) езжу на велосипеде. в холодное время года на троллейбусах (голосую за электродвижки рублем) 3) в доме пластиковые окна, но они давно куплены без кредитов 4) телевизоров нет вообще 5) вконтакте полторы формальных фотки, новых не заливается 6) на теле нет никаких украшений и не планируется  я креакл?	1
Не скучаете ещё, креаклы?	1
>>>7527338 подожди недельку, рубль еще обезумеет готов суп из опилок жрать, пидораш?	1
>>>7528001 Ясно, спасибо. Надеюсь пиндосы как-нибудь отреагируют на выебоны Ботокса.	1
>>>7528219 Именно что псиологическая. Если в нынешней ситуации объявить о любой денежной реформе, очень много ваты начнет подозревать, что по телевизору им врали и действительно ВСЁ. И побегут забирать свои рубли из банков, чтобы поменять их на доллары, фунты, гривны и даже говяжьи анусы. Ограничить хождение валюты? В этот же день возникнет черный рынок обмена с курсом процентов на 50% выше официального, и иностранные фантики начнут тупо в коробках через границу завозить. С другой стороны, в лице различный организаций, сохранивших доступ к валютной бирже, найдется огромное количество желающих купить по государственному курсу, чтобы так или иначе навариться на разнице в цене с нелегальным рынком.	1
>>>7528347 Ты чего такой упёртый-то? Говорят тебе, деноминация абсолютно ни на что не влияет, кроме как создать у ньюфагов ощущение что рубль - стабильная валюта. На кого поумней ватных школьников это не действует абсолютно, потому что люди помнят всю хуйню в 20-м веке, которая началась с керенок рулонами в 1917 и повторялась неоднократно.	1
Креаклы, когда на работу устроитесь?	1
>>>7528771 вот зис континентальная война? Будет не будет это в смысле будет ли война в Европе? Так она уже идёт кто не заметил на Украине. Если он думает что за Украину кто то вступиться то он не военный журналист а просто обычный московский мудак.	1
>>>7528979 Лол, второй вариант или pfase2/b как раз и начался с Крыма. САМ давно съебал, оставив двойников ибо в курсе, большинство умных с правительства, бизнеса и даже богемной тусовки тоже покинуло пределы либо Сраной, либо места будущего выжигания всего живого. Ленивое кукареканье Шойгу, что надо переносить столицу на восток было из этой истории, но всё спустили на хуморе и тормозах. По факту бизнесы и холдинги продают азиатам и прописывают Сибирь китайским братушкам. Хуй знает почему вы все такие слепые - вся инфа в открытом доступе и при наличии элементарного логического аппарата и высшего образования складывается в полноценную картинку как Отче наш. Я ебал жить среди дегенератов, которым надо всё разжёвывать.	1
>>>7529404 Хохлофашист наверное, нормальный человек себя так бы не назвал	1
>>>7529862 Война за уголь обрушила цену нефти  это действительно многоходовочка рептилоидов	1
>>>7530197 Чтобы хуйло потребовал досрочного погашения по кредиту и выкинул 3 ярда на валютный рынок?	1
>>>7530249 не беспокойся, не отправят. Быдло и профессиональная армия будет воевать.  по существу кто-то отпишется?	1
>>>7530341 ты долбоеб конченный. очевидно. так говоришь как будто крупномасштабная война будет. Будет максимум заварушка типо Афанской или Чеченской. Перехуячат население, бабла отмоют. И норм. И не такую хуйню видели. И ничего.	1
>>>7530473 Нет, такую хуйню ты ещё не видел. Хотя если тебе ничего не известно про первые годы после ГВ в СССР, то ты наверное шкальник и нет смысла что-то тебе объяснять.	1
>>>7530435 Бонды-хуёнды, всё там есть. Как только бабки к вам зайдут, хуйло заберёт свои 3 ярда, поэтому деньги вам дают на месяцок и не более, чтобы больших сумм в бюджете не скапливалось.	1
>>>7530783 Да похуй вообще, я вот за два года из ненавистника жидорептилоидов стал их апологетом. Такие-то МНОГОХОДОВКИ, что аж за душу берёт - есть ещё ЛЮДИ на этой грёбанной планете. И главное все улыбаются, общаются, по-человечески, блять!	1
>>>7531188 Добавлю что тогда наши генералы обоснованно надеялись что наличие военспецов можно будет реально скрыть и не ошиблись. А вот чем думали сейчас сложно сказать, наверное жопой. Итогом этих хитрых думок стали живительные санкции которые во многом, кстати, ебнули по оборонке.	1
>>>7530937 Все хуевое в этом мире выгодно 1. жыдам 2.рептилоидам 3. Лукашенке	1
>>>7531491 Тупые пидорахи не знали кто именно президент америки	1
>>>7531281 нормальные люди у близзов ачивки фармят, а пидорахи лезут в армию и прочую хуету	1
>>>7481498  И по чьему? Островную пидораху зацепят из принципа же.	1
>>>7481443 Автор - срущий петух шизик, и поэтому так называемая логика ему не указ и непротиворечивость необязательна. Обычное двоемыслие манямирка. Тут у половины раздела такое, и ничего, а ты считаешь, что у ЧСВшного уродца из жижи, никогда ничего не аргументирующего и опускающегося до  оскорблений при попытке с ним полемизировать, не может быть подобного расстройства.	1
>>>7481153 Очень годно, особенно про Левиафан, сам заметил, что среди моих знакомых все брезгливо к нему относятся, хотя раньше я бы даже сам такое говно сожрал. Ну и заключение отличное.	1
"Фотошоп-куны, запилите картинку ""Я червь Галковский, хуже меня уже нет""."	1
">>>7482682 даже сам себе противоречит, что сначала пишет, что начинается постгосударственный этап, а после вдруг рашка стронг из-за того,что там национальное самознание в виде ""врёти, это каклы мне говно в жопу залили"" и ""америка устроила терракт во франции"". Государственность в рашке наоборот увеличивается с каждым годом и сейчас входит в терминальную стадию, после чего взорвётся."	1
">>>7481153 Конец немного предсказуем. Где-то с первых строк было такое чувство, что дальше будет публицистическая хуита с интонацией ""я-то знаю"". Так и вышло."	1
">>>7483542 Нацитируй. В данном случае какой был твой ""аргумент"", так я тебе и ответил, суетливый."	1
>>>7483606 Если ты его двачуешь, то он твой, маневренная обезьяна.	1
>>>7483592 Все, собственно, верно написал. >>>7483592 Кек, так в этом суть - рубить с пидорашек бабосики, профиты, ебать их в очко, пугать страшным сгнившим западом, а самому жить подальше от всего этого отребья, алчущего новых многоходовок и подковерных интриг с геополитикой. Маргиналы до такого говна жадные, аж страшно. >>>7483592 Хех.	1
">>>7481720 Вообще, бугурт на весьма годное кинцо вроде ""Левиафана"" - первый признак ватной пидорашки"	1
>>>7483858 Пидораха с порванной задницей	1
Только вышел новый пост утенка, и одноклеточные пидорахи опять порвались и привычно принялись кидаться говном. Феерия дегенератов.	1
Прочитал. Что сразу бросается в глаза: ДЕГ скатился в полное быдланство, перемешанное с мэмсовыми картинками протухшей свежести. Разительно отличается от Галковского этак десятилетней давности  Тут два варианта:  1) старческое слабоумие, альцгеймер, все дела; 2) коньюнктура изменилась, русня сильно отупела и для нее уже нельзя писать так, как раньше - не поймут.  Я лично ставлю на второй вариант.	1
">>>7484326 там нет тезисов вообще. Ни правильных, ни неправильных. Просто поток больного сознания.  Если бы не лейбл ""Галковский"" на этой шизофазии, то я бы приписал авторство какому-нибудь нищему озлобленному слесарю из паблика вконтакте. А так мы знаем, что ДЕГ богатый человек, живет в Исландии, обладает незаурядным интеллектом. Следовательно, пишет не то, что думает. Вопрос: зачем? Ответ: аудитория такая. Для русских животных хрюкай, мычи, вой. Человеческими словами у себя дома в Исландии с семьей общаться будешь."	1
>>>7484465 Европейские господа тоже оценили. Да вообще всем понравилось, одни пидорашки-обиженки батхертят	1
>>>7484479 Возможно, что и слишком, и тогда это объясняется обычной руснявой любовью к проецированию, а Маэстро знает аудиторию. >>>7484479 Но не стоит забывать, что он творческий человек, и мог бы поставить это как пасхалку. Я сам, когда работал на нашистов, подумывал ставить такую в текст с переписанной историей, но зассал.	1
">>>7484486 Лучше расскажи какие фильмы ты смотрел, чтобы сделать вывод, что Левиафан"" - один из лучших российских фильмов за последние дохуя лет? Наверняка же, нихуя не смотрел, так, пиздобол?"	1
">>>7484824 Чё-то проиграл. Только что обсирал Галковского как ""мурзилку без каких-либо заслуг"" и тут же цитируешь анонимного порашного шизофреника. Объективность и критическое мышления уровня /по."	1
>>>7484879 Зашейся, мария.	1
>>>7484883 Дискурс уровня утёнка. ДЕГ там в комментах обосрался, нахамив компетентному церковнику, а холуи и побежали подлизывать говно.	1
>>>7484894 Нахамил и обозвал УГОЛОВНИКОМ, хотя церковник себя вежливо вел, извинился даже пару раз. Раньше такой залупы не было.	1
>>>7483244 А дег в 52 или сколько там женился и ребенка заебашил - ДУРАК. И ШИЗИК.	1
>>>7485638  А, ты про 19-й-начало 20-говека спрашивал? И там бы проебала, конечно. С такими-то франками, фрицами и иванами. Раскатали бы как сучку.	1
навального не посадили @ слив навального засчитан  аэропорт наш х 59 @ всу делает ротацию в аэропорту @ хохлы соснули, слив защитан	1
>>>7453458 А коммибляди не могут без Навального социальный протест устроить?	1
">>>7453875 А вот тут сложно сказать. Белых конечно поцан правильный но не настолько крут чтобы бесконечно отмазывать кореша долбоеба. Это же просто фарс все суды над лесокрадом. Чуется многоходовочка. И ее итог: карманный лидер ""оппозиции"". Хотя впизду такого мудака ""лидера"". Дайте нам лучше Васю Якеменко он няшный и с него телочки текут. И еще он печет пироги."	1
>>>7454115 А вот это будет эпично. Даже креакл лучше 15-рублевой залупы, даже червь-пидор и то лучше.	1
>>>7455149 Лошара. Лионов тянул срок как мужик, хотя по уровню угрозы для власти от в свое время соответствовал десяти навальным, по всей каждый сраный опер мечтал сделать ему предложение от которого нельзя отказаться. И ничего, не сломался он.  Да что там говорить, даже ТП Толоконникова не прогнулась, отсидела, вышла и продолжила глумиться над Системой.	1
Все правильно Леша сделал. Рано еще. Вата сама должна снести своих любимчиков. Пусть сначала вата поймет, что они дебилы, ведут страну к краху, говна поест. Креативный класс свое слово сказал, быдлонарод его не поддержал, ради бога. Мы умываем руки, вкладываемся в доллары, и зоонаблюдаем за крахом ватного манямирка. Мир достанется самым терпеливым.	1
>>>7456330 Но 84% это факт. Демократия жи есть. Хотят есть говно, ну что поделать. На Украине хотя бы 50/50, было. А тут? Ждем пока вата протухнет и выпадет в астрал.	1
>>>7465709 Да понятно, что купил, а кстати ты прав, у них одежда вполне годная, но сочетание что с чем не всегда бывает успешным, публичные люди, а внешним видом пренебрегают. По одежке встречают все же. Если бы этот парень на фото не был Навальным, то креаклы бы первые завопили, что это какой-то пидораха-ватник, лол.	1
>>>7465934 Ты нихуя не понимаешь в одежде, ватник.	1
>>>7453612 Так вы и есть скот. Лешка сказал стаду мычать - стадо мычит на манежке. Сказал ебальники завалить и 15.01 сидеть дома - стадо покорно сидит по домам. Признайся, без погонщика вы никто. Не зря же он вас баранами назвал в свое время.	1
Нашистики кривляются, рубль летит в пизду, цены удвоились, русские убивают русских в автобусе из града, Леха из Марьина вертит Путина на хую, суть рашкинской политики.	1
">>>7470071 Вся суть хохлов на 4 пикче да? итсинные татаро-монголы, основная национальная идея которых - это враг и противостояние и ненависть? А ты понимаешь, что любое явление, основанное на противопоставлении, при исключении одной из противоположностей исчезает? Как магнит - не будет двух полюсов, не будет и магнита.  Вырежете всех русских - вам незачем станет жить. Просто не-за-чем.  Построение общества, а уж тем паче нации, на ""противопоставлении"" и ""вечном враге"" уже само по себе предполагает тупик и одноразовость, вкупе с несамостоятельностью таковой нации.  Если проще - без русских нету украинцев. Хоть братушек, хоть поехавших биндер-фошыздов. Потому как против польских панов вы ну ни как не будете бунтовать, попомни мое слово. Они быстро развешают всех майдаунов вдоль дорог. И хрен им что скажет Европа, США и иже с ними. Еще и денег дадут для моральной реабилитации пострадавших поляков, которым bydlo помидоры потоптали на огородике, где должны были вкалывать за миску баланды славя милостивую Речь Посполитую."	1
Завтра жёсткие разборки с омоном, скриньте. Креаклы озвереют.	1
30 декабря. Навального не посадили. Сделали бы иначе мучеником.  Но посадили его брата. А самому ему сказали: уйми своих протестующих а не то... а не то он пострадает. Не честно? А какая разница? Зато Путин, Штабильность. Мы тебе предлагали вместе душить это руснявое быдло, но ты отказался. Ты же у нас патриот, ты же за народ.  Ну не понимаешь  по-хорошему, так будет просто  по-нашему. Теперь если ты вякнешь о Манежке, Олегу будет больно. Очень  больно. поэтому делай как тебе сказали. Пусть народ любит Путина дальше. Лодку, блядь, не качай, патриотишка хренов. Скажи чтобы никуда не ходили. Нам не нужны умные люди. Нам нужны рабы. Умными слишком стали, блядь. Свободы захотели.	1
"Блядь, если бы меня мои сторонники вот так отдали ментам, даже не попытавшись меня отбить - я бы тоже их нахуй послал. Вангую, что он там насобирает с либерашек пожертвований, а потом в феврале выйдет и скажет ""ПУТИН НАШ ПРЕЗИДЕНТ, ЕБИТЕСЬ КОНЕМ, ЕДРО НЯШИ"""	1
>>>7529633 Самое смешное, что в оригинале написано северо-восток, но пидораший постпред ОБСЕ говорит, что на северо-востоке не донецк и докучаевск, а ВСУ. Необучаемые.	1
">>>7529633 докучаевск - 32 км по гуглу - на северо-северо-востоке под днарями дальность стрельбы града из вики: Дальность стрельбы максимальная, м	ОФС: 40 000 КАС: 33 000 УАС: 42 000  почему именно уркы,а , залупки?"	1
>>>7530088 Комиссия установил север-север-восток, но пидорашка в переводе для ваты назвал север и выдал свою версию реальности.	1
>>>7768806 акцент русский,пидорах,не получилось	1
Можно подумать хохлы от русских чем-то отлиаются. Часто вижу сумасшедших мамаш, которые даже на публике своих детей прессуют. Шоу кстати хорошее, пидорашкам надо показывать самих себя.	1
>>>7768919 Но я знаю, что это украинская передача и даже смотрел несколько выпусков. На вебмке же всё равно пидораха.	1
>>>7768683 Ну вата и вата. Родились то все в СССР. Не сказано из какого города, если из Киева или Друмбасса, то вообще ничего удивительного. Я видел такое дерьмо, очень неприятно, хочется убить такую мамку, а нельзя. Дети конечно не совем нормальные будут, по себе сужу.	1
>>>7768683 Лол но это-же хохлы. Просто пиздец, иногда я вас не понимаю, суть хохла- москали мне в жопу дерьма залили. А потом такие дегенераты хоронят героев-коробочек в придорожных канавах. Суть хохластана.	1
>>>7768683 А хохлы-то молодцы, показывают рузке мир по тв. Унижают невменяемых пидарах в прямом эфире.	1
Тем временем курс гривны к доллару упал до исторического минимума. Предлагаю хохлам перестать бугуртить с рубля и начать каяться и плакать, плакать и каяться.  В середине дня основная часть сделок на межбанке проходила в диапазоне 24–24,5 гривны за доллар, что, по данным Bloomberg, примерно на 46% выше вчерашнего уровня.	1
>>>7769475 Шлюхи шлюхами, но доказывать женскую некомпетентность статистикой из семей, в которых мать воспитывала хуево, а отец просто нахуй свалил, это очень охуенно.	1
>>>7484218 засуть в жопу  этого фрика Дугина	1
">>>7484152 Обучать тех кто рядом с тобой, до кого дотянешься. Раскрывать глаза вате.  Сегодняшнее правительство, как ни обижайся, в точности соответствует требованиям народа: так чтобы была стабильность и сытость, да не приходилось работать помногу. Быть свободными русские не хотят. Ты хочешь, я хочу, а 80% не хотят. Им нахуй не нужна свобода слова. Им нахуй не нужны права человека. Они хотят вождя, который скажет что кому делать, который накормит и напоит. Чтобы не думать самим. Чтобы ни за что не нести ответственность. Русский народ - корзиночки. Отними у них Путина, дай им свободу - они будут искать себе нового хозяина, который их защитит. и они готовы пойти хоть за вторым Гитлером. Это забитый и затравленный народ, живущий по принципу ""не бейте, лучше обоссыте"".  Даже те, кто отписываются в /po/ считают что все проблемы решатся если поменять власть. Нихуя не решится. Появится новая власть, может чуть лучше, может ещё хуже. Возьми маменькиного сынка и предложи ему престижную работу за границей, деньги, машины, красивую девушку, он всё равно прибежит к мамочке обратно в свою нищету. Он не способен на самостоятельность. Ну вот вообще никак. Так же и наш народ."	1
>>>7484310 Пошло 25 лет, выросло поколение не знавшее совка. Но вата стала только ватней. Единственное для чего идея годится - для выявления и указания правильного пути тем редким нормальным людям которым не повезло родиться в ватном мире. Остальные необучаемы. Времени было достаточно.	1
>>>7484152 Делай как я. Уезжай в Украину. Это такая Россия без Путина.  И без массового психоза. Без засилья невменяемой ваты. С проснувшимся национальным духом.	1
>>>7484396 Дык складывается впечатление , что массам это не нужно. Массам нужна империя(за которую они будут страдать )  и сильная рука. Причем почему  у нас такие массы? Ведь вроде пообщаешься люди , как люди, вроде даже не плохие. А чуть что сразу  ватные лозунги .И тут не только в пропаганде  дело. Реально менталитет такой. почему загадка	1
>>>7484152 Я тоже стал думать последнее время что россии две, а может даже немножко больше. Нам нужно как в штатах сделать, свой техас для ватников и уютную калифорнию для креаклов. Свои местные